{
  "lgb_long": 0.5499999999999999,
  "lgb_short": 0.5499999999999999,
  "xgb_long": 0.5499999999999999,
  "xgb_short": 0.5499999999999999,
  "ensemble_long_weight_lgb": 0.2,
  "ensemble_long_thresh": 0.5499999999999999,
  "ensemble_short_weight_lgb": 0.6000000000000001,
  "ensemble_short_thresh": 0.5499999999999999
}