{
  "lgb_long": 0.6199999999999999,
  "lgb_short": 0.5399999999999999,
  "xgb_long": 0.6099999999999999,
  "xgb_short": 0.5399999999999999,
  "ensemble_long_weight_lgb": 0.8,
  "ensemble_long_thresh": 0.6099999999999999,
  "ensemble_short_weight_lgb": 0.30000000000000004,
  "ensemble_short_thresh": 0.5399999999999999
}